{
    "rmse": 0.7084501397716024,
    "mae": 0.5471349242354324,
    "r2": 0.26244495185679084
}